pasta,cliente.nome,adverso.nome,advogadoAdverso.nome,correu,empreiteiro,tipoAcao,status,advogadoCliente.nome
0007059-72.2026.8.16.0045,Pacaembu Construtora S/A,Gabriel Lopes Capitanio,Celso José Bonifácio Junior,,,Ordinário - Conhecimento,Ativo,Bruno - Escritório RST&A
0007034-59.2026.8.16.0045,Pacaembu Construtora S/A,João Marcos Aceti de Souza,Celso José Bonifácio Junior,,,Ordinário - Conhecimento,Ativo,Bentivegna e Ribeiro Advogados
0055812-90.2025.8.16.0014,Pacaembu Construtora S/A,Arnaldo Freire,Celso José Bonifácio Junior,,,Ordinário - Conhecimento,Aguardando Citação,Bentivegna e Ribeiro Advogados
0015261-72.2025.8.16.0045,Pacaembu Construtora S/A,Clayton Fagundes Catarino,Celso José Bonifácio Junior,,,Ordinário - Conhecimento,Ativo,Bentivegna e Ribeiro Advogados
0007059-72.2026.8.16.0045,Pacaembu Construtora S/A,Gabriel Lopes Capitanio,Celso José Bonifácio Junior,,,Ordinário - Conhecimento,Ativo,Bruno - Escritório RST&A
0007034-59.2026.8.16.0045,Pacaembu Construtora S/A,João Marcos Aceti de Souza,Celso José Bonifácio Junior,,,Ordinário - Conhecimento,Ativo,Bentivegna e Ribeiro Advogados
0055812-90.2025.8.16.0014,Pacaembu Construtora S/A,Arnaldo Freire,Celso José Bonifácio Junior,,,Ordinário - Conhecimento,Aguardando Citação,Bentivegna e Ribeiro Advogados
0015261-72.2025.8.16.0045,Pacaembu Construtora S/A,Clayton Fagundes Catarino,Celso José Bonifácio Junior,,,Ordinário - Conhecimento,Ativo,Bentivegna e Ribeiro Advogados
0014152-23.2025.8.16.0045,Pacaembu Construtora S/A,Valter de Lima Gonçalves,Celso José Bonifácio Junior,,,Ordinário - Conhecimento,Aguardando Citação,Bentivegna e Ribeiro Advogados
0014153-08.2025.8.16.0045,Pacaembu Construtora S/A,David Sampaio Inoue Vicente,Celso José Bonifácio Junior,,,Ordinário - Conhecimento,Ativo,Bentivegna e Ribeiro Advogados
0002351-76.2026.8.16.0045,Pacaembu Construtora S/A,Taisa Maria da Silva,Celso José Bonifácio Junior,,,Ordinário - Conhecimento,Ativo,Bentivegna e Ribeiro Advogados
0014159-15.2025.8.16.0045,Pacaembu Construtora S/A,Aline Berti de Oliveira,Celso José Bonifácio Junior,,,Ordinário - Conhecimento,Aguardando Citação,Bentivegna e Ribeiro Advogados
0014157-45.2025.8.16.0045,Pacaembu Construtora S/A,Erika Beatriz Aldivino Rosa,Celso José Bonifácio Junior,,,Ordinário - Conhecimento,Ativo,Bentivegna e Ribeiro Advogados
0075433-73.2025.8.16.0014,Pacaembu Construtora S/A,Paulo Sergio Santos da Silva,Celso José Bonifácio Junior,,,Ordinário - Conhecimento,Ativo,Bentivegna e Ribeiro Advogados
0014155-75.2025.8.16.0045,Pacaembu Construtora S/A,Gisele Ane Silva Martins,Celso José Bonifácio Junior,,,Ordinário - Conhecimento,Ativo,Bentivegna e Ribeiro Advogados
0016024-73.2025.8.16.0045,Pacaembu Construtora S/A,Elisangela Ribeiro dos Santos Reis,Celso José Bonifácio Junior,,,Ordinário - Conhecimento,Ativo,Bentivegna e Ribeiro Advogados
0014156-60.2025.8.16.0045,Pacaembu Construtora S/A,Paulo Ricardo Albino de Souza,Celso José Bonifácio Junior,,,Ordinário - Conhecimento,Ativo,Bentivegna e Ribeiro Advogados
0059109-42.2024.8.16.0014,Pacaembu Construtora S/A,Marlene Cristina Modeneis,Celso José Bonifácio Junior,,,Ordinário - Conhecimento,Arquivado,Bentivegna e Ribeiro Advogados
0083917-14.2024.8.16.0014,Pacaembu Construtora S/A,Israel Antônio Pina,Celso José Bonifácio Junior,,,Ordinário - Conhecimento,Ativo,Bentivegna e Ribeiro Advogados
0011123-96.2024.8.16.0045,Pacaembu Arapongas 1 - Empreendimento Imobiliário Ltda.,Janaine Pineti Francisco,Celso José Bonifácio Junior,,,Ordinário - Conhecimento,Ativo,Bentivegna e Ribeiro Advogados
0065627-48.2024.8.16.0014,Pacaembu Construtora S/A,Israel Antônio Pina,Celso José Bonifácio Junior,,,Ordinário - Conhecimento,Ativo,Bentivegna e Ribeiro Advogados
0012628-25.2024.8.16.0045,Pacaembu Construtora S/A,Wesley Igor de Souza,Celso José Bonifácio Junior,,,Ordinário - Conhecimento,Ativo,Bentivegna e Ribeiro Advogados
0012342-47.2024.8.16.0045,Pacaembu Construtora S/A,Vilma dos Reis,Celso José Bonifácio Junior,,,Ordinário - Conhecimento,Ativo,Bentivegna e Ribeiro Advogados
0011774-31.2024.8.16.0045,Pacaembu Construtora S/A,Stephany de Lima Lacerda,Celso José Bonifácio Junior,,,Ordinário - Conhecimento,Ativo,Bentivegna e Ribeiro Advogados
0011782-08.2024.8.16.0045,Pacaembu Construtora S/A,Paulo César Ferreira,Celso José Bonifácio Junior,,,Ordinário - Conhecimento,Ativo,Bentivegna e Ribeiro Advogados
0015064-54.2024.8.16.0045,Pacaembu Construtora S/A,Maria Eduarda Ferreira de Lima,Celso José Bonifácio Junior,,,Ordinário - Conhecimento,Ativo,Bentivegna e Ribeiro Advogados
0012613-56.2024.8.16.0045,Pacaembu Construtora S/A,Marcia Aparecida de Lima,Celso José Bonifácio Junior,,,Ordinário - Conhecimento,Ativo,Bentivegna e Ribeiro Advogados
0012610-04.2024.8.16.0045,Pacaembu Construtora S/A,Leidevane Rosa Ferreira,Celso José Bonifácio Junior,,,Ordinário - Conhecimento,Ativo,Bentivegna e Ribeiro Advogados
0012608-34.2024.8.16.0045,Pacaembu Construtora S/A,Leandro de Jesus Ferreira da Rocha,Celso José Bonifácio Junior,,,Ordinário - Conhecimento,Ativo,Bentivegna e Ribeiro Advogados
0011770-91.2024.8.16.0045,Pacaembu Construtora S/A,Marlene Soares Baio,Celso José Bonifácio Junior,,,Ordinário - Conhecimento,Ativo,Bentivegna e Ribeiro Advogados
0012602-27.2024.8.16.0045,Pacaembu Construtora S/A,Jessica Ataloane de Lima Campelo,Celso José Bonifácio Junior,,,Ordinário - Conhecimento,Ativo,Bentivegna e Ribeiro Advogados
0012336-40.2024.8.16.0045,Pacaembu Construtora S/A,Iranilde Silva Brasil,Celso José Bonifácio Junior,,,Ordinário - Conhecimento,Ativo,Bentivegna e Ribeiro Advogados
0011759-62.2024.8.16.0045,Pacaembu Construtora S/A,Jenifer Lins Leonor,Celso José Bonifácio Junior,,,Ordinário - Conhecimento,Ativo,Bentivegna e Ribeiro Advogados
0015065-39.2024.8.16.0045,Pacaembu Construtora S/A,Gilson Marco Ferreira de Lima,Celso José Bonifácio Junior,,,Ordinário - Conhecimento,Ativo,Bentivegna e Ribeiro Advogados
0015066-24.2024.8.16.0045,Pacaembu Construtora S/A,Allyson Adriano Padovani,Celso José Bonifácio Junior,,,Ordinário - Conhecimento,Ativo,Bentivegna e Ribeiro Advogados
0011753-55.2024.8.16.0045,Pacaembu Construtora S/A,Elidinai Aparecida Rodrigues Camargo,Celso José Bonifácio Junior,,,Ordinário - Conhecimento,Ativo,Bentivegna e Ribeiro Advogados
0012335-55.2024.8.16.0045,Pacaembu Construtora S/A,Adilson Bernini Souza,Celso José Bonifácio Junior,,,Ordinário - Conhecimento,Ativo,Bentivegna e Ribeiro Advogados
0011750-03.2024.8.16.0045,Pacaembu Construtora S/A,Bianca Carolina de Souza Belli,Celso José Bonifácio Junior,,,Ordinário - Conhecimento,Ativo,Bentivegna e Ribeiro Advogados
0011744-93.2024.8.16.0045,Pacaembu Construtora S/A,Ana Paula Camaro,Celso José Bonifácio Junior,,,Ordinário - Conhecimento,Ativo,Bentivegna e Ribeiro Advogados
0011741-41.2024.8.16.0045,Pacaembu Construtora S/A,Alex Sandro Teixeira de Alencar,Celso José Bonifácio Junior,,,Ordinário - Conhecimento,Ativo,Bentivegna e Ribeiro Advogados
0011129-06.2024.8.16.0045,Pacaembu Construtora S/A,Toniel Soares de Lima,Celso José Bonifácio Junior,,,Ordinário - Conhecimento,Ativo,Bentivegna e Ribeiro Advogados
0011126-51.2024.8.16.0045,Pacaembu Construtora S/A,Margarida Bispo de Brites,Celso José Bonifácio Junior,,,Ordinário - Conhecimento,Ativo,Bentivegna e Ribeiro Advogados
0011125-66.2024.8.16.0045,Pacaembu Construtora S/A,Jeferson Moreira Fagotti,Celso José Bonifácio Junior,,,Ordinário - Conhecimento,Ativo,Bentivegna e Ribeiro Advogados
0011122-14.2024.8.16.0045,Pacaembu Construtora S/A,Jacir Casturino Antunes Soares,Celso José Bonifácio Junior,,,Ordinário - Conhecimento,Ativo,Bentivegna e Ribeiro Advogados
0011117-89.2024.8.16.0045,Pacaembu Construtora S/A,Alberto Alves de Freitas Junior,Celso José Bonifácio Junior,,,Ordinário - Conhecimento,Ativo,Bentivegna e Ribeiro Advogados
0012612-71.2024.8.16.0045,Pacaembu Construtora S/A,Medellyn Sabrina Machado,Celso José Bonifácio Junior,,,Ordinário - Conhecimento,Ativo,Bentivegna e Ribeiro Advogados
0011743-11.2024.8.16.0045,Pacaembu Construtora S/A,Ana Paula Aparecida Roza,Celso José Bonifácio Junior,,,Ordinário - Conhecimento,Ativo,Bentivegna e Ribeiro Advogados
0061383-76.2024.8.16.0014,Pacaembu Construtora S/A,Paulo Marcelo Pellegrini,Celso José Bonifácio Junior,,,Ordinário - Conhecimento,Ativo,Bentivegna e Ribeiro Advogados
0059112-94.2024.8.16.0014,Pacaembu Construtora S/A,Lucimara Marcelo Marra,Celso José Bonifácio Junior,,,Ordinário - Conhecimento,Ativo,Bentivegna e Ribeiro Advogados
0065620-56.2024.8.16.0014,Pacaembu Construtora S/A,Rayanna de Souza Araujo,Celso José Bonifácio Junior,,,Ordinário - Conhecimento,Ativo,Bentivegna e Ribeiro Advogados
0011121-29.2024.8.16.0045,Pacaembu Construtora S/A,Fernando Henrique Fogaça de Oliveira,Celso José Bonifácio Junior,,,Ordinário - Conhecimento,Ativo,Bentivegna e Ribeiro Advogados
0012344-17.2024.8.16.0045,Pacaembu Construtora S/A,William Amaro Pereira de Oliveira,Celso José Bonifácio Junior,,,Ordinário - Conhecimento,Ativo,Bentivegna e Ribeiro Advogados
0069662-51.2024.8.16.0014,Pacaembu Construtora S/A,Anderson Henrique Moreira,Celso José Bonifácio Junior,,,Ordinário - Conhecimento,Ativo,Escritório Reis & Souza Advogados
0059108-57.2024.8.16.0014,Pacaembu Construtora S/A,Rosilene Aparecida Eugenio,Celso José Bonifácio Junior,,,Ordinário - Conhecimento,Ativo,Bentivegna e Ribeiro Advogados
0012332-03.2024.8.16.0045,Pacaembu Construtora S/A,Natalia Ludmila Gomes dos Anjos,Celso José Bonifácio Junior,,,Ordinário - Conhecimento,Ativo,Bentivegna e Ribeiro Advogados
0011784-75.2024.8.16.0045,Pacaembu Construtora S/A,Vagner Jose da Silva,Celso José Bonifácio Junior,,,Ordinário - Conhecimento,Ativo,Bentivegna e Ribeiro Advogados
0064924-20.2024.8.16.0014,Pacaembu Construtora S/A,Israel Antônio Pina,Celso José Bonifácio Junior,,,Ordinário - Conhecimento,Arquivado,Bentivegna e Ribeiro Advogados
0011127-36.2024.8.16.0045,Pacaembu Construtora S/A,Rose Tenório do Carmo Bernardo,Celso José Bonifácio Junior,,,Ordinário - Conhecimento,Ativo,Bentivegna e Ribeiro Advogados
0011118-74.2024.8.16.0045,Pacaembu Construtora S/A,Bruna Maiara Nogueira Sola,Celso José Bonifácio Junior,,,Ordinário - Conhecimento,Ativo,Bentivegna e Ribeiro Advogados
0055941-32.2024.8.16.0014,Pacaembu Construtora S/A,Carlos Vinicius Martins Pinheiro,Celso José Bonifácio Junior,,,Ordinário - Conhecimento,Ativo,Bentivegna e Ribeiro Advogados
0018781-07.2023.8.16.0014,Pacaembu Construtora S/A,Lucas de Andrade Mattozo,Celso José Bonifácio Junior,,,Ordinário - Conhecimento,Arquivado,Bentivegna e Ribeiro Advogados
0018218-13.2023.8.16.0014,Pacaembu Construtora S/A,Anderson de Oliveira,Celso José Bonifácio Junior,,,Ordinário - Conhecimento,Ativo,Bentivegna e Ribeiro Advogados
0070888-28.2023.8.16.0014,Pacaembu Construtora S/A,Vinicius Morais Pimentel,Celso José Bonifácio Junior,,,Ordinário - Conhecimento,Arquivado,Bentivegna e Ribeiro Advogados
0070884-88.2023.8.16.0014,Pacaembu Construtora S/A,Rafaela Pereira Lima da Silva,Celso José Bonifácio Junior,,,Ordinário - Conhecimento,Arquivado,Bentivegna e Ribeiro Advogados
0070848-46.2023.8.16.0014,Pacaembu Construtora S/A,Elias da Silva Santos,Celso José Bonifácio Junior,,,Ordinário - Conhecimento,Arquivado,Bentivegna e Ribeiro Advogados
0070869-22.2023.8.16.0014,Pacaembu Construtora S/A,Ivania Ribeiro da Silva Luciano,Celso José Bonifácio Junior,,,Ordinário - Conhecimento,Arquivado,Bentivegna e Ribeiro Advogados
0070861-45.2023.8.16.0014,Pacaembu Construtora S/A,Gabriel Lucas Sarmento dos Reis,Celso José Bonifácio Junior,,,Ordinário - Conhecimento,Arquivado,Bentivegna e Ribeiro Advogados
0070834-62.2023.8.16.0014,Pacaembu Construtora S/A,Cleber Gertrudes Cheloni,Celso José Bonifácio Junior,,,Ordinário - Conhecimento,Arquivado,Bentivegna e Ribeiro Advogados
0070880-51.2023.8.16.0014,Pacaembu Construtora S/A,Lucas de Andrade Mattozo,Celso José Bonifácio Junior,,,Ordinário - Conhecimento,Arquivado,Bentivegna e Ribeiro Advogados
0070873-59.2023.8.16.0014,Pacaembu Construtora S/A,Lais Fernanda Rodrigues da Silva,Celso José Bonifácio Junior,,,Ordinário - Conhecimento,Arquivado,Bentivegna e Ribeiro Advogados
0070708-12.2023.8.16.0014,Pacaembu Construtora S/A,Andrea Margonar,Celso José Bonifácio Junior,,,Ordinário - Conhecimento,Arquivado,Bentivegna e Ribeiro Advogados
0070882-21.2023.8.16.0014,Pacaembu Construtora S/A,Lucas Vinicius Fernandes,Celso José Bonifácio Junior,,,Ordinário - Conhecimento,Arquivado,Bentivegna e Ribeiro Advogados
0070855-38.2023.8.16.0014,Pacaembu Construtora S/A,Francielle Teixeira de Assis,Celso José Bonifácio Junior,,,Ordinário - Conhecimento,Arquivado,Bentivegna e Ribeiro Advogados
0071217-40.2023.8.16.0014,Pacaembu Construtora S/A,Renata Oliveira da Silva,Celso José Bonifácio Junior,,,Ordinário - Conhecimento,Arquivado,Bentivegna e Ribeiro Advogados
0070793-95.2023.8.16.0014,Pacaembu Construtora S/A,Beatriz da Silva Mendes,Celso José Bonifácio Junior,,,Ordinário - Conhecimento,Arquivado,Bentivegna e Ribeiro Advogados
0070894-35.2023.8.16.0014,Pacaembu Construtora S/A,Sidneia Firmino de Lima,Celso José Bonifácio Junior,,,Ordinário - Conhecimento,Arquivado,Bentivegna e Ribeiro Advogados
0009381-66.2023.8.16.0014,Pacaembu Construtora S/A,Renata Oliveira da Silva,Celso José Bonifácio Junior,,,Ordinário - Conhecimento,Ativo,Bentivegna e Ribeiro Advogados
0018270-09.2023.8.16.0014,Pacaembu Construtora S/A,Elias da Silva Santos,Celso José Bonifácio Junior,,,Ordinário - Conhecimento,Arquivado,Bentivegna e Ribeiro Advogados
0018785-44.2023.8.16.0014,Pacaembu Construtora S/A,Lucas Vinicius Fernandes,Celso José Bonifácio Junior,,,Ordinário - Conhecimento,Ativo,Bentivegna e Ribeiro Advogados
0018779-37.2023.8.16.0014,Pacaembu Construtora S/A,Ivania Ribeiro da Silva Luciano,Celso José Bonifácio Junior,,,Ordinário - Conhecimento,Arquivado,Bentivegna e Ribeiro Advogados
0018775-97.2023.8.16.0014,Pacaembu Construtora S/A,Gabriel Lucas Sarmento dos Reis,Celso José Bonifácio Junior,,,Ordinário - Conhecimento,Arquivado,Bentivegna e Ribeiro Advogados
0009383-36.2023.8.16.0014,Pacaembu Construtora S/A,Romilda Mendes Mesini de Melo,Celso José Bonifácio Junior,,,Ordinário - Conhecimento,Arquivado,Jurídico Interno Cível
0018267-54.2023.8.16.0014,Pacaembu Construtora S/A,Daiane Miranda Luz Rodrigues,Celso José Bonifácio Junior,,,Ordinário - Conhecimento,Arquivado,Bentivegna e Ribeiro Advogados
0031817-19.2023.8.16.0014,Pacaembu Construtora S/A,Nilza Garcia de Araujo,Celso José Bonifácio Junior,,,Ordinário - Conhecimento,Ativo,Bentivegna e Ribeiro Advogados
0018262-32.2023.8.16.0014,Pacaembu Construtora S/A,Adriana Servo Lino,Celso José Bonifácio Junior,,,Ordinário - Conhecimento,Arquivado,Bentivegna e Ribeiro Advogados
0018265-84.2023.8.16.0014,Pacaembu Construtora S/A,Andrea Margonar,Celso José Bonifácio Junior,,,Ordinário - Conhecimento,Ativo,Bentivegna e Ribeiro Advogados
0018266-69.2023.8.16.0014,Pacaembu Construtora S/A,Beatriz da Silva Mendes,Celso José Bonifácio Junior,,,Ordinário - Conhecimento,Arquivado,Bentivegna e Ribeiro Advogados
0018784-59.2023.8.16.0014,Pacaembu Construtora S/A,Raimundo Nogueira da Silva,Celso José Bonifácio Junior,,,Ordinário - Conhecimento,Arquivado,Bentivegna e Ribeiro Advogados
0013088-42.2023.8.16.0014,Pacaembu Construtora S/A,Adriana de Oliveira,Celso José Bonifácio Junior,,,Ordinário - Conhecimento,Ativo,Bentivegna e Ribeiro Advogados
0018780-22.2023.8.16.0014,Pacaembu Construtora S/A,Sidneia Firmino de Lima,Celso José Bonifácio Junior,,,Ordinário - Conhecimento,Ativo,Bentivegna e Ribeiro Advogados
0018268-39.2023.8.16.0014,Pacaembu Construtora S/A,Denis Willian da Silva,Celso José Bonifácio Junior,,,Ordinário - Conhecimento,Arquivado,Bentivegna e Ribeiro Advogados
0018273-61.2023.8.16.0014,Pacaembu Construtora S/A,Francielle Teixeira de Assis,Celso José Bonifácio Junior,,,Ordinário - Conhecimento,Arquivado,Bentivegna e Ribeiro Advogados
0009377-29.2023.8.16.0014,Pacaembu Construtora S/A,Rafaela Pereira Lima da Silva,Celso José Bonifácio Junior,,,Ordinário - Conhecimento,Arquivado,Bentivegna e Ribeiro Advogados
0018272-76.2023.8.16.0014,Pacaembu Construtora S/A,Felipe Prudêncio Caetano,Celso José Bonifácio Junior,,,Ordinário - Conhecimento,Arquivado,Bentivegna e Ribeiro Advogados
0013089-27.2023.8.16.0014,Pacaembu Construtora S/A,David Lucas Araujo,Celso José Bonifácio Junior,,,Ordinário - Conhecimento,Arquivado,Bentivegna e Ribeiro Advogados
0007333-37.2023.8.16.0014,Pacaembu Construtora S/A,Leandro Aparecido Pimentel,Celso José Bonifácio Junior,,,Ordinário - Conhecimento,Arquivado,Bentivegna e Ribeiro Advogados
0005872-30.2023.8.16.0014,Pacaembu Construtora S/A,Carlos Alberto do Nascimento,Celso José Bonifácio Junior,,,Ordinário - Conhecimento,Arquivado,Bentivegna e Ribeiro Advogados
0009376-44.2023.8.16.0014,Pacaembu Construtora S/A,Lais Fernanda Rodrigues da Silva,Celso José Bonifácio Junior,,,Ordinário - Conhecimento,Arquivado,Bentivegna e Ribeiro Advogados
0060675-94.2022.8.16.0014,Pacaembu Construtora S/A,Maicon de Souza Rosanelli,Celso José Bonifácio Junior,,,Ordinário - Conhecimento,Arquivado,Bentivegna e Ribeiro Advogados
